time,seconds_elapsed,z,y,x
1695713170862651100,-15.997348876953126,-0.33862069249153137,-0.5227781534194946,-0.33662331104278564
1695713187008339500,0.14833935546875,-0.15326480567455292,-0.5984118580818176,-0.25566327571868896
1695713187018345000,0.158344970703125,0.1832253485918045,-0.3789675533771515,-0.09920267760753632
1695713187028394200,0.168394287109375,0.2545980215072632,-0.3736412227153778,-0.0033289489801973104
1695713187038402000,0.178402099609375,0.21411798894405365,-0.6090644598007202,0.06804371625185013
1695713187048523000,0.18852294921875,0.05219791829586029,-0.5749760270118713,0.15646059811115265
1695713187058644000,0.19864404296875,-0.15752586722373962,-0.30120328068733215,0.24594274163246155
1695713187068651800,0.20865185546875,-0.3130543529987335,-0.09680583328008652,0.2810964286327362
1695713187078659600,0.21865966796875,-0.35886070132255554,-0.2138516753911972,0.1585911214351654
1695713187088749600,0.22874951171875,-0.4834965467453003,-0.3842938542366028,-0.043808966875076294
1695713187098757400,0.23875732421875,-0.5079975724220276,-0.5238434076309204,-0.23981747031211853
1695713187108661800,0.248661865234375,-0.430233359336853,-0.43755704164505005,-0.4143875539302826
1695713187118621000,0.258620849609375,-0.3609912097454071,-0.2138516753911972,-0.5102612972259521
1695713187128687900,0.26868798828125,-0.3045322299003601,-0.23196116089820862,-0.5784381628036499
1695713187138692900,0.27869287109375,-0.2821617126464844,-0.4301002025604248,-0.602939248085022
1695713187148750300,0.288750244140625,-0.2896185517311096,-0.7495461106300354,-0.5997434258460999
1695713187158777300,0.29877734375,-0.2906838059425354,-1.0041441917419434,-0.5837644934654236
1695713187168829400,0.308829345703125,-0.3812312185764313,-1.2054790258407593,-0.5422192215919495
1695713187178867200,0.3188671875,-0.5218459963798523,-1.349156379699707,-0.5028044581413269
1695713187188904400,0.328904541015625,-0.5783050060272217,-1.257543683052063,-0.5571328997612
1695713187198941700,0.338941650390625,-0.5889576077461243,-1.0084052085876465,-0.6444845199584961
1695713187208964000,0.348964111328125,-0.6070671081542969,-0.7346324324607849,-0.7776424288749695
1695713187218995000,0.358994873046875,-0.6111950278282166,-0.43223071098327637,-0.8669914603233337
1695713187229022700,0.369022705078125,-0.6570013761520386,-0.3214432895183563,-0.8137282729148865
1695713187239052300,0.37905224609375,-0.6154560446739197,-0.5323655009269714,-0.6732466220855713
1695713187249086000,0.3890859375,-0.4920186400413513,-0.8635293245315552,-0.44421494007110596
1695713187259117300,0.399117431640625,-0.40147122740745544,-1.2255858182907104,-0.18335850536823273
1695713187269150500,0.409150390625,-0.25446486473083496,-1.587775468826294,0.02330264262855053
1695713187279182600,0.4191826171875,-0.09041424840688705,-1.9253308773040771,0.2012016773223877
1695713187289213400,0.42921337890625,0.10439583659172058,-2.3065621852874756,0.27896592020988464
1695713187299245000,0.4392451171875,0.43036651611328125,-2.716688632965088,0.30652961134910583
1695713187309277400,0.44927734375,0.7892271876335144,-2.980740785598755,0.35233595967292786
1695713187319309300,0.459309326171875,1.1970900297164917,-3.298189401626587,0.46205809712409973
1695713187329340400,0.46934033203125,1.6741949319839478,-3.7284226417541504,0.6207823753356934
1695713187339372000,0.4793720703125,2.1949756145477295,-4.019106388092041,0.8507461547851562
1695713187349435600,0.489435546875,2.7509102821350098,-4.102197170257568,1.082973599433899
1695713187359480800,0.499480712890625,3.4123058319091797,-4.052129745483398,1.3226579427719116
1695713187369501000,0.5095009765625,4.055592060089111,-3.9530601501464844,1.5398385524749756
1695713187379535600,0.51953564453125,4.589155673980713,-3.9116480350494385,1.721998691558838
1695713187389568300,0.529568359375,5.040694236755371,-3.924298048019409,1.8956366777420044
1695713187399602000,0.539601806640625,5.438969612121582,-4.014845371246338,2.0563583374023438
1695713187409630500,0.54963037109375,5.820334434509277,-4.163982391357422,2.1714067459106445
1695713187419663600,0.55966357421875,6.272938251495361,-4.100066661834717,2.2012341022491455
1695713187429658600,0.56965869140625,6.734064102172852,-3.6943342685699463,2.135187864303589
1695713187439688000,0.57968798828125,6.885331630706787,-2.9391956329345703,1.7720661163330078
1695713187449758500,0.589758544921875,6.918354511260986,-2.5505075454711914,1.169260025024414
1695713187459792000,0.5997919921875,7.066293239593506,-2.472743272781372,0.8411588072776794
1695713187469788400,0.609788330078125,7.156840801239014,-2.6932528018951416,0.7507445216178894
1695713187479818200,0.619818359375,7.2218217849731445,-3.4450626373291016,1.0116009712219238
1695713187489890600,0.629890625,7.528484344482422,-4.272639274597168,1.5643396377563477
1695713187499924700,0.6399248046875,7.729819297790527,-4.647479057312012,2.193777322769165
1695713187509938700,0.649938720703125,7.59879207611084,-4.7177863121032715,2.809366464614868
1695713187519970600,0.659970458984375,7.0535101890563965,-4.619781970977783,3.4931325912475586
1695713187530150700,0.670150634765625,6.434724807739258,-4.447342395782471,4.277965545654297
1695713187540182800,0.680182861328125,5.817138195037842,-4.384491920471191,5.135236740112305
1695713187550069000,0.690069091796875,5.201549053192139,-4.4196457862854,6.0650787353515625
1695713187560089300,0.70008935546875,4.574242115020752,-4.4239068031311035,6.929806232452393
1695713187570134000,0.710134033203125,3.932021141052246,-4.248138427734375,7.421824932098389
1695713187580156700,0.72015673828125,3.3483898639678955,-4.020171642303467,7.415433406829834
1695713187590205400,0.730205322265625,2.968224048614502,-3.8828859329223633,7.12048864364624
1695713187600231000,0.74023095703125,2.5614264011383057,-3.6740942001342773,6.64977502822876
1695713187610260700,0.7502607421875,2.0310583114624023,-3.4301488399505615,5.905289173126221
1695713187620286500,0.760286376953125,1.4548838138580322,-2.9317386150360107,4.913794994354248
1695713187630325500,0.770325439453125,0.9245156645774841,-2.039314031600952,3.446260929107666
1695713187640352500,0.7803525390625,-0.21931114792823792,1.4219938516616821,-1.2163978815078735
1695713187650391300,0.790391357421875,-0.581500768661499,1.6626101732254028,-3.520962715148926
1695713187660419600,0.800419677734375,-0.2533995807170868,0.9490167498588562,-2.917224407196045
1695713187670461400,0.81046142578125,-0.5346291661262512,0.22809958457946777,-2.1141488552093506
1695713187680491300,0.8204912109375,-0.7858982682228088,-1.2298468351364136,-0.6519413590431213
1695713187690519300,0.830519287109375,-0.7411571741104126,-1.7836507558822632,0.18522271513938904
1695713187700548600,0.840548583984375,-0.6186518669128418,-1.1159968376159668,-0.42610546946525574
1695713187710595800,0.850595947265625,-0.6111950278282166,-1.114931583404541,-0.6444845199584961
1695713187720627200,0.860627197265625,-0.6868287324905396,-1.5259901285171509,-0.3376885652542114
1695713187730658600,0.870658447265625,-1.0511488914489746,-2.338520050048828,1.017992615699768
1695713187740690000,0.88068994140625,-1.1438268423080444,-2.736928701400757,1.9274613857269287
1695713187750721300,0.89072119140625,-1.1097383499145508,-2.3853917121887207,2.1522319316864014
1695713187760752400,0.90075244140625,-1.3311800956726074,-1.7571523189544678,1.8945714235305786
1695713187770799000,0.910799072265625,-1.3237231969833374,-1.219327449798584,1.5195986032485962
1695713187780831700,0.920831787109375,-1.441967487335205,-1.211870551109314,1.7539565563201904
1695713187790857200,0.930857177734375,-1.3972264528274536,-1.3480911254882812,2.1064257621765137
1695713187800889300,0.940889404296875,-1.2619379758834839,-1.5728617906570435,2.338653087615967
1695713187810910700,0.95091064453125,-1.1468894481658936,-1.4897712469100952,2.3844594955444336
1695713187820941800,0.96094189453125,-1.091628909111023,-1.2394342422485352,2.3493058681488037
1695713187830979000,0.97097900390625,-1.0841721296310425,-0.8603335618972778,2.401503801345825
1695713187841010700,0.9810107421875,-0.8476835489273071,-0.5110602378845215,2.293912172317505
1695713187851049200,0.99104931640625,-0.4078628122806549,-0.2277000993490219,2.030791997909546
1695713187861081600,1.00108154296875,-0.05113265663385391,0.12903006374835968,1.7241291999816895
1695713187871082500,1.01108251953125,0.18535587191581726,0.47297704219818115,1.3640700578689575
1695713187881111800,1.02111181640625,0.42504018545150757,0.687095046043396,1.073386311531067
1695713187891162000,1.031162109375,0.6443513631820679,0.8735162019729614,0.7944203615188599
1695713187901193500,1.041193359375,0.8041408658027649,0.8245140314102173,0.3821633458137512
1695713187911227400,1.051227294921875,1.108673095703125,0.7744466662406921,-0.21531641483306885
1695713187921259000,1.061259033203125,1.7743297815322876,0.5507413148880005,-0.8637956380844116
1695713187931292000,1.0712919921875,2.568883180618286,0.2557964324951172,-1.4815154075622559
1695713187941323500,1.081323486328125,3.351585626602173,-0.14154690504074097,-1.9138792753219604
1695713187951356000,1.09135595703125,3.972501277923584,0.33249542117118835,-1.7574186325073242
1695713187961387800,1.1013876953125,4.3132524490356445,1.493233323097229,-1.0374336242675781
1695713187971400000,1.11139990234375,4.565720081329346,1.6253260374069214,-0.44421494007110596
1695713187981429800,1.1214296875,4.89794921875,0.9139962196350098,-0.2078595608472824
1695713187991494100,1.131494140625,5.356944561004639,0.23449115455150604,-0.13009531795978546
1695713188001527300,1.14152734375,5.680784702301025,-0.5856286883354187,-0.544349730014801
1695713188011549000,1.151548828125,5.6946330070495605,-1.0936262607574463,-1.214267373085022
1695713188021581000,1.1615810546875,5.212202072143555,-0.5643234252929688,-1.6903071403503418
1695713188031619800,1.171619873046875,4.006589889526367,0.665789783000946,-1.7030901908874512
1695713188041652700,1.18165283203125,2.618950605392456,1.4337116479873657,-1.1737873554229736
1695713188051692300,1.1916923828125,1.3781847953796387,1.2749874591827393,-0.4857602119445801
1695713188061726000,1.201725830078125,0.5314334034919739,0.6924213767051697,0.04354264959692955
1695713188071730000,1.21172998046875,0.10120004415512085,0.359127014875412,0.2012016773223877
1695713188081760500,1.221760498046875,0.05219791829586029,0.2728406488895416,-0.019307903945446014
1695713188091808000,1.23180810546875,-0.01597895473241806,0.4996086359024048,-0.3004043400287628
1695713188101840100,1.241840087890625,-0.20226693153381348,0.7126613855361938,-0.22916483879089355
1695713188111878000,1.2518779296875,-0.31731539964675903,0.9097351431846619,-0.2323606312274933
1695713188121910500,1.26191064453125,-0.3460775315761566,1.033172607421875,-0.26098960638046265
1695713188131938000,1.27193798828125,-0.2768353819847107,1.055543065071106,0.009454214945435524
1695713188141970200,1.28197021484375,-0.7155908346176147,0.7978824377059937,-0.08961530029773712
1695713188152006400,1.29200634765625,-0.8977509140968323,0.6295707821846008,-0.6338318586349487
1695713188162039000,1.3020390625,0.02876211889088154,0.9108003973960876,-0.1375521719455719
1695713188172074200,1.31207421875,0.6613955497741699,0.5123918056488037,0.06058686971664429
1695713188182107000,1.32210693359375,1.347292184829712,-0.024367906153202057,0.22996379435062408
1695713188192114700,1.33211474609375,2.744518518447876,-0.23515695333480835,0.7379614114761353
1695713188202145000,1.34214501953125,3.8116464614868164,-0.6516750454902649,1.5217291116714478
1695713188212200200,1.3522001953125,4.463454723358154,-1.8134782314300537,2.4652864933013916
1695713188222233000,1.362233154296875,5.048151016235352,-3.039330244064331,4.05426025390625
1695713188232259000,1.372259033203125,4.853208065032959,-3.7870123386383057,4.56984806060791
1695713188242291200,1.382291259765625,4.458128452301025,-3.940277099609375,3.6730289459228516
1695713188252334800,1.3923349609375,4.126964569091797,-4.731634616851807,2.208691120147705
1695713188262368000,1.402367919921875,3.927760124206543,-5.467598915100098,0.7475487589836121
1695713188272374500,1.41237451171875,4.134421348571777,-5.15654182434082,-0.06617950648069382
1695713188282405000,1.422405029296875,4.280229091644287,-4.999948024749756,0.007323687430471182
1695713188292452900,1.432452880859375,3.4826130867004395,-4.073434829711914,0.41518649458885193
1695713188302485200,1.4424853515625,2.157691478729248,-2.871018648147583,0.5589970946311951
1695713188312523000,1.45252294921875,1.140631079673767,-1.4311816692352295,0.1255679577589035
1695713188322556000,1.462555908203125,0.30892646312713623,-0.2553969621658325,-0.19507640600204468
1695713188332582000,1.472581787109375,-0.2480732649564743,-0.029694223776459694,-0.11198583990335464
1695713188342614000,1.482614013671875,-0.37590491771698,-0.08295740932226181,-0.05446160212159157
1695713188352645400,1.492645263671875,-0.1777658760547638,-0.28202855587005615,-0.08215846121311188
1695713188362677200,1.50267724609375,0.1970737725496292,-0.1213068962097168,-0.36432015895843506
1695713188372692000,1.51269189453125,0.3941475450992584,-0.1447426974773407,-0.5890907645225525
1695713188382722300,1.522722412109375,0.45912861824035645,-0.24154852330684662,-0.6828339695930481
1695713188392780500,1.532780517578125,0.4282359778881073,-0.34381383657455444,-0.6370276808738708
1695713188402813700,1.542813720703125,0.32703593373298645,-0.469514936208725,-0.4601939022541046
1695713188412848400,1.552848388671875,0.22370536625385284,-0.38642439246177673,-0.31212225556373596
1695713188422881500,1.562881591796875,0.13315795361995697,-0.36192330718040466,-0.1897500902414322
1695713188432916700,1.572916748046875,0.04900212585926056,-0.10639320313930511,-0.23023010790348053
1695713188442950100,1.5829501953125,-0.04048001766204834,0.45912861824035645,-0.4005391299724579
1695713188452979200,1.592979248046875,-0.11491531878709793,1.0906968116760254,-0.5880255103111267
1695713188463012000,1.60301220703125,-0.11917637288570404,1.1386337280273438,-0.5539370775222778
1695713188473023700,1.613023681640625,-0.1117195263504982,0.6615287065505981,-0.320644348859787
1695713188483054600,1.6230546875,-0.05219791829586029,0.28136277198791504,-0.15566164255142212
1695713188493110300,1.6331103515625,0.0703074038028717,-0.42264336347579956,-0.07363634556531906
1695713188503143700,1.643143798828125,0.08096003532409668,-0.8677904009819031,-0.051265813410282135
1695713188513177900,1.653177734375,-0.011717899702489376,-0.6218476295471191,-0.11518163233995438
1695713188523211300,1.663211181640625,-0.04367581009864807,-0.18402428925037384,-0.14607428014278412
1695713188533206000,1.6732060546875,-0.02876211889088154,0.08535424619913101,-0.11837742477655411
1695713188543235600,1.683235595703125,-0.04793686419725418,0.04167843982577324,-0.09707214683294296
1695713188553273900,1.69327392578125,-0.08508793264627457,-0.028628960251808167,-0.10772478580474854
1695713188563304400,1.703304443359375,-0.1724395453929901,-0.1351553201675415,-0.12050794810056686
1695713188573355300,1.713355224609375,-0.13622058928012848,-0.1351553201675415,-0.0906805694103241
1695713188583388000,1.723387939453125,-0.03728422895073891,-0.003062632866203785,-0.02996053919196129
1695713188593399000,1.73339892578125,0.0010652636410668492,0.5368928909301758,0.10639320313930511
1695713188603429400,1.743429443359375,-0.08402267098426819,1.1663305759429932,0.22250694036483765
1695713188613469700,1.7534697265625,-0.12982900440692902,1.4624738693237305,0.07230477035045624
1695713188623501000,1.7635009765625,-0.1543300747871399,2.6967148780822754,-0.11731215566396713
1695713188633532700,1.77353271484375,-0.16072164475917816,2.8458518981933594,-0.10239847004413605
1695713188643564000,1.78356396484375,-0.13622058928012848,2.6317338943481445,-0.20679430663585663
1695713188653598000,1.793597900390625,-0.058589499443769455,2.265416383743286,-0.40160438418388367
1695713188663629600,1.803629638671875,0.05965476483106613,2.2196099758148193,-0.5709813237190247
1695713188673671200,1.813671142578125,0.09800425171852112,2.638125419616699,-0.762728750705719
1695713188683703800,1.823703857421875,0.09374319761991501,3.2142999172210693,-0.8520777821540833
1695713188693755600,1.833755615234375,0.12996216118335724,3.220691442489624,-0.7956187725067139
1695713188703790000,1.8437900390625,0.08415582776069641,2.669018030166626,-0.6583329439163208
1695713188713813800,1.853813720703125,-0.0031957910396158695,2.017209768295288,-0.5539370775222778
1695713188723847400,1.863847412109375,-0.10532794147729874,1.3452948331832886,-0.4516717791557312
1695713188733871600,1.87387158203125,-0.15113428235054016,0.6498108506202698,-0.31212225556373596
1695713188743904300,1.883904296875,-0.15219953656196594,0.1045289933681488,-0.20572903752326965
1695713188753934000,1.89393408203125,-0.07337003201246262,-0.450340211391449,-0.1514005959033966
1695713188763966500,1.903966552734375,-0.04474107176065445,-0.897617757320404,-0.1428784877061844
1695713188773997300,1.913997314453125,-0.061785291880369186,-0.9807083606719971,-0.16205322742462158
1695713188784029200,1.924029296875,-0.06498108059167862,-1.0254493951797485,-0.15459638833999634
1695713188794061600,1.9340615234375,-0.06711161136627197,-1.0084052085876465,-0.13861742615699768
1695713188804093700,1.94409375,-0.05965476483106613,-0.9988178014755249,-0.1237037405371666
1695713188814127400,1.95412744140625,-0.03195790946483612,-0.8656598925590515,-0.10665952414274216
1695713188824159700,1.96415966796875,-0.0010652636410668492,-0.47484126687049866,-0.11944268643856049
1695713188834191400,1.97419140625,0.022370535880327225,-0.14993585646152496,-0.11624689400196075
1695713188844223700,1.9842236328125,-0.0330231711268425,-0.2000032514333725,-0.03848264738917351
1695713188854274300,1.9942744140625,-0.030892645940184593,-0.45247071981430054,0.048868969082832336
1695713188864308200,2.00430810546875,0.03195790946483612,-0.617586612701416,0.09680583328008652
1695713188874324200,2.01432421875,0.1555284857749939,-0.8166577219963074,0.09361004084348679
1695713188884356400,2.0243564453125,0.3472759425640106,-1.187369465827942,0.05632581561803818
1695713188894385700,2.0343857421875,0.4367581009864807,-1.4801838397979736,0.05099949613213539
1695713188904417800,2.044417724609375,0.3941475450992584,-1.5046849250793457,0.07550056278705597
1695713188914448100,2.0544482421875,0.21837905049324036,-0.7346324324607849,0.06271740049123764
1695713188924480000,2.06447998046875,-0.05539371073246002,0.2685796022415161,0.021172115579247475
1695713188934514400,2.074514404296875,-0.15113428235054016,0.3271690905094147,0.013715269044041634
1695713188944546600,2.084546630859375,-0.15646059811115265,0.10559425503015518,-0.005459476262331009
1695713188954576600,2.09457666015625,-0.140481635928154,-0.17550218105316162,-0.058722659945487976
1695713188964608500,2.1046083984375,-0.12876373529434204,-0.32890015840530396,-0.07896266877651215
1695713188974645200,2.114645263671875,-0.11598058044910431,-0.31931278109550476,-0.0715058222413063
1695713188984677600,2.124677734375,-0.130894273519516,-0.35340121388435364,-0.058722659945487976
1695713188994709200,2.134709228515625,-0.15006901323795319,-0.35766226053237915,-0.02889527566730976
1695713189004741400,2.144741455078125,-0.11811110377311707,-0.3225085735321045,-0.0043942127376794815
1695713189014771500,2.154771484375,-0.06924213469028473,-0.3129211962223053,0.011584741994738579
1695713189024803600,2.164803466796875,-0.022370535880327225,-0.28309381008148193,0.02756369672715664
1695713189034837200,2.174837158203125,-0.017044218257069588,-0.13835111260414124,-0.01504684891551733
1695713189044869400,2.184869384765625,-0.004261054564267397,-0.14154690504074097,-0.0672447681427002
1695713189054911500,2.194911376953125,-0.03195790946483612,-0.0691089779138565,-0.10772478580474854
1695713189064944400,2.2049443359375,-0.041545283049345016,0.011851058341562748,-0.10665952414274216
1695713189074962400,2.21496240234375,-0.05219791829586029,-0.0009321057004854083,-0.08855003863573074
1695713189084994000,2.224994140625,-0.08402267098426819,0.059787921607494354,-0.08641951531171799
1695713189095036200,2.2350361328125,-0.0882837250828743,0.11837742477655411,-0.07789740711450577
1695713189105068800,2.24506884765625,-0.05965476483106613,0.14074796438217163,-0.05659212917089462
1695713189115103700,2.255103759765625,-0.029827382415533066,0.18868482112884521,-0.042743705213069916
1695713189125136600,2.26513671875,-0.025566328316926956,0.19081534445285797,-0.05339634045958519
1695713189135165400,2.27516552734375,-0.03621896356344223,0.21531641483306885,-0.0672447681427002
1695713189145197800,2.28519775390625,-0.04793686419725418,0.18548902869224548,-0.08002793043851852
1695713189155234800,2.29523486328125,-0.03621896356344223,0.0906805694103241,-0.08961530029773712
1695713189165267700,2.305267822265625,-0.041545283049345016,0.09707214683294296,-0.08215846121311188
1695713189175300000,2.315300048828125,-0.017044218257069588,0.04913528636097908,-0.09174583107233047
1695713189185333000,2.3253330078125,-0.0021305272821336985,0.07470161467790604,-0.1002679392695427
1695713189195362000,2.335362060546875,-0.0074568456038832664,0.08855003863573074,-0.08215846121311188
1695713189205394400,2.34539453125,0,-0.057391077280044556,-0.0949416235089302
1695713189215430700,2.3554306640625,-0.010652636177837849,-0.10106688737869263,-0.12476900219917297
1695713189225463600,2.365463623046875,-0.07656582444906235,-0.1447426974773407,-0.11944268643856049
1695713189235488800,2.37548876953125,-0.10426267981529236,-0.15845796465873718,-0.09600688517093658
1695713189245521000,2.38552099609375,-0.0703074038028717,-0.22556957602500916,-0.059787921607494354
1695713189255553500,2.395553466796875,-0.07230477035045624,-0.21065588295459747,-0.04061317816376686
1695713189265585700,2.405585693359375,-0.05326318368315697,-0.13195952773094177,-0.007590003311634064
1695713189275623700,2.415623779296875,0.004261054564267397,-0.11917637288570404,0.008388951420783997
1695713189285656600,2.425656494140625,-0.014913691207766533,0.08535424619913101,0.010519478470087051
1695713189295690800,2.435690673828125,0.04474107176065445,0.1375521719455719,0.008388951420783997
1695713189305723600,2.4457236328125,0.019174745306372643,0.1652490198612213,-0.023568958044052124
1695713189315740400,2.455740478515625,-0.05965476483106613,0.1993374526500702,-0.04593949392437935
1695713189325771500,2.465771484375,-0.11065425723791122,0.1332911103963852,-0.06298371404409409
1695713189335817000,2.47581689453125,-0.041545283049345016,-0.0009321057004854083,-0.0810931921005249
1695713189345849600,2.485849609375,-0.03941475600004196,-0.0318247526884079,-0.11837742477655411
1695713189355875600,2.49587548828125,-0.08934898674488068,0.03635212033987045,-0.1375521719455719
1695713189365907700,2.50590771484375,-0.066046342253685,-0.03502054139971733,-0.11624689400196075
1695713189375938300,2.515938232421875,-0.017044218257069588,-0.15632744133472443,-0.08855003863573074
1695713189385970200,2.52597021484375,0.03941475600004196,-0.30652961134910583,-0.0810931921005249
1695713189396014300,2.536014404296875,0.02769685536623001,-0.3448790907859802,-0.09920267760753632
1695713189406047500,2.546047607421875,-0.05539371073246002,-0.17976324260234833,-0.10772478580474854
1695713189416071400,2.556071533203125,-0.058589499443769455,-0.04673844203352928,-0.0810931921005249
1695713189426103600,2.566103515625,-0.030892645940184593,0.07789740711450577,-0.06191844865679741
1695713189436137500,2.576137451171875,0.009587372653186321,0.07683213800191879,-0.06617950648069382
1695713189446169900,2.586169921875,0.02876211889088154,0.14500901103019714,-0.06511423736810684
1695713189456204500,2.59620458984375,0.06817687302827835,0.07576687633991241,-0.05446160212159157
1695713189466237200,2.6062373046875,0.06285055726766586,0.07363634556531906,-0.05446160212159157
1695713189476260400,2.61626025390625,0.017044218257069588,0.1609879732131958,-0.03315633162856102
1695713189486292000,2.6262919921875,0.021305272355675697,0.03741738572716713,-0.01078579481691122
1695713189496330800,2.636330810546875,-0.0074568456038832664,-0.05419528856873512,-0.0342215932905674
1695713189506363100,2.646363037109375,0.02024000883102417,-0.08402267098426819,-0.04487423226237297
1695713189516397000,2.65639697265625,-0.004261054564267397,-0.05632581561803818,-0.042743705213069916
1695713189526429400,2.666429443359375,0.008522109128534794,-0.01584579609334469,-0.048070020973682404
1695713189536452900,2.676452880859375,-0.009587372653186321,0.02889527566730976,-0.051265813410282135
1695713189546484500,2.686484375,0.03515370190143585,0.0342215932905674,-0.04593949392437935
1695713189556522000,2.69652197265625,0.054328445345163345,0.114116370677948,-0.03741738572716713
1695713189566554000,2.70655419921875,-0.0074568456038832664,0.11092057824134827,-0.0672447681427002
1695713189576582400,2.71658251953125,0.005326318088918924,0.06937529146671295,-0.07576687633991241
1695713189586614300,2.7266142578125,0.022370535880327225,0.006524739786982536,-0.05339634045958519
1695713189596656000,2.73665625,0.045806337147951126,0.0022636852227151394,-0.008655266836285591
1695713189606688800,2.746688720703125,0.018109481781721115,-0.012650005519390106,0.014780532568693161
1695713189616717800,2.7567177734375,0.022370535880327225,-0.04673844203352928,-0.022503694519400597
1695713189626750200,2.766750244140625,-0.008522109128534794,-0.041412122547626495,-0.09600688517093658
1695713189636785700,2.77678564453125,-0.05113265663385391,-0.08615319430828094,-0.17164060473442078
1695713189646818300,2.786818359375,0.06498108059167862,-0.09041424840688705,-0.14074796438217163
1695713189656841500,2.796841552734375,0.14700637757778168,-0.0009321057004854083,-0.031025802716612816
1695713189666873000,2.806873046875,0.11078742146492004,-0.011584741994738579,0.008388951420783997
1695713189676906500,2.816906494140625,0.04048001766204834,-0.12982900440692902,-0.007590003311634064
1695713189686938000,2.826938232421875,0.019174745306372643,-0.318247526884079,0.008388951420783997
1695713189696950300,2.8369501953125,0.008522109128534794,-0.5323655009269714,0.04780370742082596
1695713189706979800,2.846979736328125,-0.011717899702489376,-0.6463487148284912,0.08189214020967484
1695713189717013200,2.85701318359375,-0.05965476483106613,-0.6825676560401917,0.10852373391389847
1695713189727043300,2.867043212890625,-0.03621896356344223,-0.663392961025238,0.14154690504074097
1695713189737112800,2.87711279296875,-0.046871598809957504,-0.5962813496589661,0.16711322963237762
1695713189747147000,2.88714697265625,0.026631591841578484,-0.49827706813812256,0.1820269227027893
1695713189757143600,2.8971435546875,0.13848426938056946,-0.42796966433525085,0.186287984251976
1695713189767174000,2.907173828125,0.21731378138065338,-0.5067991614341736,0.20013640820980072
1695713189777243400,2.917243408203125,0.2599243223667145,-0.5206475853919983,0.1639174371957779
1695713189787277600,2.927277587890625,0.2865559160709381,-0.5696497559547424,0.1543300747871399
1695713189797305600,2.9373056640625,0.3760380744934082,-0.6877608299255371,0.16604797542095184
1695713189807339300,2.94733935546875,0.44528019428253174,-0.9732515215873718,0.21931114792823792
1695713189817338000,2.957338134765625,0.5772397518157959,-1.2426300048828125,0.2884201407432556
1695713189827368200,2.9673681640625,0.6976145505905151,-0.843289315700531,0.27044379711151123
1695713189837436200,2.977436279296875,0.6496776342391968,0.09813741594552994,0.1639174371957779
1695713189847470000,2.987469970703125,0.5719134211540222,0.8490151166915894,0.195875346660614
1695713189857502700,2.997502685546875,0.5111933946609497,1.1322420835494995,0.3470096290111542
1695713189867536600,3.00753662109375,0.3920170068740845,0.8468846082687378,0.40453386306762695
1695713189877552000,3.01755224609375,0.24820642173290253,0.5816339254379272,0.40879490971565247
1695713189887584000,3.027583984375,0.16831165552139282,0.4793686270713806,0.37151068449020386
1695713189897613000,3.037613037109375,0.12144005298614502,0.2888196110725403,0.40346860885620117
1695713189907644700,3.047644775390625,0.07456845790147781,0.11518163233995438,0.46099284291267395
1695713189917688300,3.057688232421875,0.042610544711351395,0.008655266836285591,0.5291697382926941
1695713189927721200,3.06772119140625,0.01597895473241806,-0.053130023181438446,0.601607620716095
1695713189937745000,3.077744873046875,0.008522109128534794,-0.06378266215324402,0.6580666303634644
1695713189947777000,3.087777099609375,0.03195790946483612,-0.02649843320250511,0.6942855715751648
1695713189957815800,3.09781591796875,0.07776424288749695,0.04167843982577324,0.7081339955329895
1695713189967848400,3.107848388671875,0.12144005298614502,0.0715058222413063,0.7102645039558411
1695713189977878800,3.117878662109375,0.16618113219738007,0.048070020973682404,0.7081339955329895
1695713189988070700,3.128070556640625,0.17683376371860504,-0.010519478470087051,0.6761760711669922
1695713189998098000,3.138097900390625,0.16085481643676758,-0.10532794147729874,0.6665887236595154
1695713190008130300,3.14813037109375,0.14274533092975616,-0.1765674501657486,0.6783066391944885
1695713190018143500,3.1581435546875,0.16405059397220612,-0.18722008168697357,0.6974813938140869
1695713190028177700,3.168177734375,0.19494324922561646,-0.140481635928154,0.7006771564483643
1695713190038210000,3.1782099609375,0.20879167318344116,-0.14580796658992767,0.7070687413215637
1695713190048245200,3.188245361328125,0.2300969511270523,-0.102132149040699,0.6687192320823669
1695713190058278000,3.19827783203125,0.2119874656200409,-0.13195952773094177,0.6612623929977417
1695713190068334600,3.20833447265625,0.16192007064819336,-0.19148114323616028,0.6580666303634644
1695713190078346800,3.2183466796875,0.16192007064819336,-0.18508955836296082,0.638891875743866
1695713190088379100,3.228379150390625,0.16192007064819336,-0.19467693567276,0.6111950278282166
1695713190098420500,3.23842041015625,0.1459411233663559,-0.23089589178562164,0.571780264377594
1695713190108452900,3.248452880859375,0.12889690697193146,-0.2426137924194336,0.49934232234954834
1695713190118485200,3.2584853515625,0.10439583659172058,-0.23622220754623413,0.3928159773349762
1695713190128504000,3.268504150390625,0.09693899005651474,-0.16911059617996216,0.28628960251808167
1695713190138400800,3.27840087890625,0.08735162019729614,-0.06591318547725677,0.20439745485782623
1695713190148417300,3.288417236328125,0.08096003532409668,0.06298371404409409,0.1255679577589035
1695713190158429400,3.298429443359375,0.07776424288749695,0.17803218960762024,0.06804371625185013
1695713190168445400,3.308445556640625,0.08309056609869003,0.20572903752326965,0.024367906153202057
1695713190178491600,3.31849169921875,0.08202529698610306,0.20146799087524414,-0.035286858677864075
1695713190188510700,3.3285107421875,0.06924213469028473,0.1982721984386444,-0.06831002980470657
1695713190198590500,3.338590576171875,0.04367581009864807,0.19081534445285797,-0.05339634045958519
1695713190208615700,3.34861572265625,0.02024000883102417,0.1705753356218338,-0.011851058341562748
1695713190218814200,3.358814208984375,0.0031957910396158695,0.10879004746675491,0.037151068449020386
1695713190228839400,3.36883935546875,0,-0.008388951420783997,0.07763108611106873
1695713190238846200,3.37884619140625,0.010652636177837849,-0.16165375709533691,0.1213068962097168
1695713190248878600,3.388878662109375,0.038349490612745285,-0.3118559420108795,0.16924376785755157
1695713190258903800,3.39890380859375,0.0703074038028717,-0.4311654567718506,0.196940615773201
1695713190268947700,3.40894775390625,0.08628635853528976,-0.5515402555465698,0.20333220064640045
1695713190278978000,3.41897802734375,0.09267793595790863,-0.647413969039917,0.20865851640701294
1695713190289003500,3.42900341796875,0.09800425171852112,-0.7026745080947876,0.22676800191402435
1695713190299036400,3.439036376953125,0.10546109825372696,-0.7442198395729065,0.25020378828048706
1695713190309079600,3.44907958984375,0.11717899888753891,-0.788960874080658,0.26831328868865967
1695713190319106000,3.45910595703125,0.1310274302959442,-0.8337019681930542,0.2725743353366852
1695713190329137700,3.4691376953125,0.1459411233663559,-0.8922914862632751,0.2800311744213104
1695713190339169300,3.479169189453125,0.17683376371860504,-0.9732515215873718,0.3171822428703308
1695713190349201200,3.489201171875,0.17150744795799255,-0.956207275390625,0.30013802647590637
1695713190359232800,3.499232666015625,0.17044217884540558,-0.9519461989402771,0.3022685647010803
1695713190369264400,3.509264404296875,0.1651158630847931,-0.9072051644325256,0.29161593317985535
1695713190379296000,3.5192958984375,0.15233269333839417,-0.8326367139816284,0.26511749625205994
1695713190389322500,3.529322509765625,0.14274533092975616,-0.7665903568267822,0.24700801074504852
1695713190399342000,3.539342041015625,0.12144005298614502,-0.6815024018287659,0.22357220947742462
1695713190409266700,3.5492666015625,0.10226531326770782,-0.593085527420044,0.19267955422401428
1695713190419283200,3.559283203125,0.08628635853528976,-0.513190746307373,0.15326480567455292
1695713190429484000,3.569484130859375,0.07456845790147781,-0.4535360038280487,0.10852373391389847
1695713190439515000,3.579514892578125,0.07137266546487808,-0.4162517786026001,0.04993423447012901
1695713190449531400,3.589531494140625,0.07137266546487808,-0.40453386306762695,-0.019307903945446014
1695713190459571500,3.599571533203125,0.066046342253685,-0.38962018489837646,-0.08961530029773712
1695713190469610800,3.60961083984375,0.066046342253685,-0.38109806180000305,-0.15353111922740936
1695713190479627000,3.619626953125,0.06498108059167862,-0.37683701515197754,-0.21531641483306885
1695713190489670000,3.629669921875,0.05965476483106613,-0.35340121388435364,-0.2908169627189636
1695713190499694800,3.63969482421875,0.05539371073246002,-0.33955278992652893,-0.37816858291625977
1695713190509711400,3.64971142578125,0.0703074038028717,-0.3779022693634033,-0.4836297035217285
1695713190519765200,3.65976513671875,0.06924213469028473,-0.450340211391449,-0.6221139430999756
1695713190529784800,3.669784912109375,0.041545283049345016,-0.5579318404197693,-0.7595329880714417
1695713190539822000,3.679822021484375,-0.0010652636410668492,-0.6548708081245422,-0.9021451473236084
1695713190549859300,3.689859375,-0.05539371073246002,-0.7165229320526123,-1.0523473024368286
1695713190559896300,3.699896240234375,-0.12343742698431015,-0.7772429585456848,-1.1865705251693726
1695713190569933600,3.70993359375,-0.1820269227027893,-0.8326367139816284,-1.276052713394165
1695713190579970800,3.719970703125,-0.24594274163246155,-0.8241145610809326,-1.354749083518982
1695713190589990400,3.729990478515625,-0.2949448823928833,-0.730371356010437,-1.4570143222808838
1695713190600019200,3.740019287109375,-0.33968594670295715,-0.6570013761520386,-1.5198649168014526
1695713190610038800,3.750038818359375,-0.40040597319602966,-0.6399571299552917,-1.5038859844207764
1695713190619938000,3.75993798828125,-0.48030075430870056,-0.6623276472091675,-1.4847111701965332
1695713190630057000,3.770056884765625,-0.5655218362808228,-0.8273103833198547,-1.4793848991394043
1695713190640175900,3.78017578125,-0.6665887236595154,-0.993491530418396,-1.5614101886749268
1695713190650218000,3.790218017578125,-0.760331928730011,-1.1628683805465698,-1.7180039882659912
1695713190660227600,3.8002275390625,-0.8082687854766846,-1.5302512645721436,-1.7819197177886963
1695713190670242800,3.810242919921875,-0.8434224724769592,-2.0563583374023438,-1.7222650051116943
1695713190680292600,3.820292724609375,-0.8327698707580566,-2.5835306644439697,-1.5741933584213257
1695713190690302000,3.830302001953125,-0.8189214468002319,-2.920020818710327,-1.421860694885254
1695713190700346400,3.840346435546875,-0.8082687854766846,-2.8774101734161377,-1.300553798675537
1695713190710385400,3.850385498046875,-0.8029424548149109,-2.5537033081054688,-1.167395830154419
1695713190720394800,3.860394775390625,-0.7752456068992615,-2.0915119647979736,-1.0470210313796997
1695713190730444000,3.870444091796875,-0.7049382328987122,-1.78684663772583,-0.9756483435630798
1695713190740458200,3.880458251953125,-0.5910881757736206,-1.6261249780654907,-0.9990841150283813
1695713190750499000,3.8904990234375,-0.4398207366466522,-1.6708660125732422,-1.062999963760376
1695713190760540000,3.900539794921875,-0.3141196072101593,-1.7124112844467163,-1.1024147272109985
1695713190770580500,3.91058056640625,-0.18415744602680206,-1.5419690608978271,-1.0906968116760254
1695713190780621300,3.920621337890625,-0.06711161136627197,-1.2554131746292114,-1.038498878479004
1695713190790662100,3.930662109375,0.05219791829586029,-1.0957567691802979,-0.9522125124931335
1695713190800676000,3.940676025390625,0.16298533976078033,-1.0936262607574463,-0.8403598666191101
1695713190810664000,3.950663818359375,0.22690115869045258,-1.0020135641098022,-0.7691203355789185
1695713190820678000,3.960677978515625,0.2673811614513397,-1.0052094459533691,-0.6892255544662476
1695713205357343000,18.497343017578125,-0.009587372653186321,0.008655266836285591,-0.005459476262331009
1695713205367374300,18.507374267578125,-0.008522109128534794,0.009720530360937119,-0.0022636852227151394
1695713205377405700,18.51740576171875,-0.005326318088918924,0.011851058341562748,-0.0011984215816482902
1695713205387436800,18.527436767578124,-0.005326318088918924,0.01078579481691122,-0.0033289489801973104
1695713205397468200,18.53746826171875,-0.0021305272821336985,0.006524739786982536,-0.009720530360937119
1695713205407499500,18.54749951171875,-0.0010652636410668492,0.00013315795513335615,-0.011851058341562748
1695713205417531000,18.55753076171875,0.0010652636410668492,-0.005193160381168127,-0.012916321866214275
1695713205427562000,18.56756201171875,0.006391582079231739,-0.010519478470087051,-0.013981585390865803
1695713205437593300,18.57759326171875,0.0074568456038832664,-0.013715269044041634,-0.016112113371491432
1695713205447624700,18.587624755859373,0.0074568456038832664,-0.011584741994738579,-0.013981585390865803
1695713205457656800,18.59765673828125,0.009587372653186321,-0.007323687430471182,-0.01504684891551733
1695713205467689700,18.607689697265624,0.0074568456038832664,-0.004127896390855312,-0.012916321866214275
1695713205477722600,18.61772265625,0.005326318088918924,-0.0019973693415522575,-0.011851058341562748
1695713205487755500,18.627755615234374,0.006391582079231739,-0.003062632866203785,-0.008655266836285591
1695713205497788400,18.637788330078124,0.005326318088918924,-0.005193160381168127,-0.0043942127376794815
1695713205507821300,18.6478212890625,0.0021305272821336985,-0.0062584239058196545,-0.0011984215816482902
1695713205517854200,18.657854248046874,0.0010652636410668492,-0.005193160381168127,0.0009321057004854083
1695713205527887400,18.667887451171875,0.004261054564267397,-0.0009321057004854083,0.0019973693415522575
1695713205537920000,18.677919921875,0.006391582079231739,0.0011984215816482902,0.0019973693415522575
1695713205547953200,18.687953125,0.006391582079231739,0.0022636852227151394,0.003062632866203785
1695713205557986000,18.697986083984375,0.008522109128534794,-0.0009321057004854083,-0.0011984215816482902
1695713205568018000,18.708017822265624,0.006391582079231739,-0.003062632866203785,-0.005459476262331009
1695713205578049000,18.718049072265625,0.005326318088918924,-0.004127896390855312,-0.008655266836285591
1695713205588080000,18.728080078125,0.004261054564267397,-0.0019973693415522575,-0.007590003311634064
1695713205598111200,18.738111328125,0.0010652636410668492,0.00013315795513335615,-0.007590003311634064
1695713205608142300,18.748142333984376,0.0010652636410668492,0.0022636852227151394,-0.0011984215816482902
1695713205618173400,18.75817333984375,-0.0010652636410668492,0.0043942127376794815,0.0019973693415522575
1695713205628204300,18.768204345703126,-0.0010652636410668492,0.007590003311634064,0.0019973693415522575
1695713205638235400,18.7782353515625,0,0.009720530360937119,0.0009321057004854083
1695713205648266500,18.7882666015625,0.0021305272821336985,0.007590003311634064,0.0019973693415522575
1695713205658297600,18.798297607421876,0.0031957910396158695,0.0043942127376794815,-0.00013315795513335615
1695713205668328700,18.80832861328125,0.006391582079231739,0.00013315795513335615,-0.00013315795513335615
1695713205678360800,18.81836083984375,0.009587372653186321,-0.004127896390855312,-0.0022636852227151394
1695713205688394000,18.82839404296875,0.010652636177837849,-0.004127896390855312,0.0009321057004854083
1695713205698427000,18.838427001953125,0.012783164158463478,0.00013315795513335615,0.005193160381168127
1695713205708460000,18.8484599609375,0.012783164158463478,0.006524739786982536,0.013715269044041634
1695713205718493000,18.858492919921876,0.01597895473241806,0.009720530360937119,0.014780532568693161
1695713205728525800,18.86852587890625,0.021305272355675697,0.007590003311634064,0.012650005519390106
1695713205738559000,18.87855908203125,0.029827382415533066,0.00013315795513335615,0.0009321057004854083
1695713205748591900,18.888591796875,0.038349490612745285,-0.009454214945435524,-0.007590003311634064
1695713205758625000,18.898625,0.04900212585926056,-0.01584579609334469,-0.012916321866214275
1695713205768658000,18.908657958984374,0.05752423778176308,-0.013715269044041634,-0.008655266836285591
1695713205778691000,18.918691162109376,0.06391581892967224,-0.009454214945435524,-0.0011984215816482902
1695713205788723500,18.928723388671877,0.06924213469028473,-0.003062632866203785,0.008388951420783997
1695713205798757400,18.93875732421875,0.07243792712688446,0.0033289489801973104,0.012650005519390106
1695713205808791300,18.948791259765624,0.07350318878889084,0.007590003311634064,0.009454214945435524
1695713205818825200,18.9588251953125,0.07882951200008392,0.0033289489801973104,-0.0033289489801973104
1695713205828859100,18.968859130859375,0.08415582776069641,-0.010519478470087051,-0.01504684891551733
1695713205838893000,18.97889306640625,0.08628635853528976,-0.022237379103899002,-0.02463422156870365
1695713205848927000,18.988927001953126,0.08522108942270279,-0.02649843320250511,-0.02463422156870365
1695713205858961000,18.9989609375,0.08202529698610306,-0.025433169677853584,-0.018242640420794487
1695713205868994800,19.008994873046873,0.08096003532409668,-0.022237379103899002,-0.009720530360937119
1695713205879028500,19.019028564453127,0.07563371956348419,-0.021172115579247475,-0.0011984215816482902
1695713205889062400,19.0290625,0.066046342253685,-0.016911059617996216,0.0019973693415522575
1695713205899094500,19.039094482421874,0.054328445345163345,-0.013715269044041634,0.0009321057004854083
1695713205909124900,19.049124755859374,0.045806337147951126,-0.017976323142647743,-0.0022636852227151394
1695713205919155200,19.0591552734375,0.03621896356344223,-0.02330264262855053,-0.009720530360937119
1695713205929185500,19.069185546875,0.02769685536623001,-0.025433169677853584,-0.009720530360937119
1695713205939216000,19.0792158203125,0.022370535880327225,-0.025433169677853584,-0.005459476262331009
1695713205949246200,19.08924609375,0.014913691207766533,-0.01584579609334469,0.003062632866203785
1695713205959276300,19.0992763671875,0.0074568456038832664,-0.003062632866203785,0.008388951420783997
1695713205969306600,19.109306640625,0.0010652636410668492,0.006524739786982536,0.012650005519390106
1695713205979337000,19.1193369140625,-0.006391582079231739,0.01078579481691122,0.010519478470087051
1695713205989367300,19.1293671875,-0.017044218257069588,0.008655266836285591,0.007323687430471182
1695713205999397600,19.139397705078125,-0.025566328316926956,0.00013315795513335615,0.003062632866203785
1695713206009430300,19.14943017578125,-0.0330231711268425,-0.0009321057004854083,0.003062632866203785
1695713206019465500,19.159465576171876,-0.03728422895073891,0.0011984215816482902,0.004127896390855312
1695713206029501000,19.1695009765625,-0.04048001766204834,0.007590003311634064,0.007323687430471182
1695713206039536000,19.1795361328125,-0.04367581009864807,0.016112113371491432,0.009454214945435524
1695713206049571600,19.189571533203125,-0.045806337147951126,0.023568958044052124,0.009454214945435524
1695713206059606800,19.199606689453127,-0.04900212585926056,0.02889527566730976,0.007323687430471182
1695713206069642200,19.209642333984377,-0.05113265663385391,0.02569948509335518,0.0062584239058196545
1695713206079677400,19.219677490234375,-0.04900212585926056,0.019307903945446014,0.005193160381168127
1695713206089713000,19.229712890625,-0.042610544711351395,0.011851058341562748,0.005193160381168127
1695713206099748000,19.239748046875,-0.03515370190143585,0.007590003311634064,0.009454214945435524
1695713206109783600,19.249783447265624,-0.02769685536623001,0.006524739786982536,0.014780532568693161
1695713206119832600,19.25983251953125,-0.021305272355675697,0.006524739786982536,0.013715269044041634
1695713206129881600,19.269881591796874,-0.017044218257069588,0.0033289489801973104,0.009454214945435524
1695713206139930600,19.2799306640625,-0.012783164158463478,-0.0019973693415522575,0.0009321057004854083
1695713206149980000,19.28997998046875,-0.005326318088918924,-0.010519478470087051,-0.006524739786982536
1695713206160029000,19.30002880859375,0.0010652636410668492,-0.016911059617996216,-0.005459476262331009
1695713206170078000,19.310077880859374,0.009587372653186321,-0.020106852054595947,-0.0022636852227151394
1695713206180127000,19.320126953125,0.018109481781721115,-0.022237379103899002,0.0019973693415522575
1695713206190176300,19.33017626953125,0.023435799404978752,-0.021172115579247475,0.0062584239058196545
1695713206200211500,19.34021142578125,0.02450106292963028,-0.01584579609334469,0.0062584239058196545
1695713206210240800,19.35024072265625,0.025566328316926956,-0.014780532568693161,0.0009321057004854083
1695713206220269800,19.360269775390623,0.021305272355675697,-0.016911059617996216,-0.005459476262331009
1695713206230166000,19.370166015625,0.018109481781721115,-0.021172115579247475,-0.01078579481691122
1695713206240188200,19.380188232421876,0.014913691207766533,-0.021172115579247475,-0.01078579481691122
1695713206250202000,19.3902021484375,0.013848427683115005,-0.020106852054595947,-0.006524739786982536
1695713206260223200,19.40022314453125,0.013848427683115005,-0.011584741994738579,0.0019973693415522575
1695713206270260500,19.410260498046874,0.012783164158463478,-0.004127896390855312,0.0062584239058196545
1695713206280283100,19.420283203125,0.011717899702489376,0.0022636852227151394,0.007323687430471182
1695713206290359800,19.43035986328125,0.008522109128534794,0.007590003311634064,0.003062632866203785
1695713206300388000,19.44038818359375,0.005326318088918924,0.007590003311634064,-0.0033289489801973104
1695713206310412800,19.450412841796876,0.0010652636410668492,0.0022636852227151394,-0.007590003311634064
1695713206320440800,19.46044091796875,0,-0.0062584239058196545,-0.01078579481691122
1695713206330467300,19.47046728515625,-0.0021305272821336985,-0.011584741994738579,-0.009720530360937119
1695713206340495000,19.4804951171875,0,-0.010519478470087051,-0.006524739786982536
1695713206350541600,19.49054150390625,0.0010652636410668492,-0.007323687430471182,-0.00013315795513335615
1695713206360571100,19.500571044921877,0.0031957910396158695,-0.0019973693415522575,0.005193160381168127
1695713206370612700,19.51061279296875,0.0021305272821336985,0.0022636852227151394,0.0062584239058196545
1695713206380643600,19.5206435546875,0.0010652636410668492,0.0043942127376794815,0.0019973693415522575
1695713206390833000,19.5308330078125,-0.0031957910396158695,0.0011984215816482902,-0.0033289489801973104
1695713206400854300,19.540854248046877,-0.005326318088918924,-0.005193160381168127,-0.005459476262331009
1695713206410885000,19.550885009765626,-0.0074568456038832664,-0.009454214945435524,-0.005459476262331009
1695713206420905000,19.560905029296876,-0.008522109128534794,-0.008388951420783997,-0.0011984215816482902
1695713206430931700,19.570931640625,-0.004261054564267397,-0.007323687430471182,0.003062632866203785
1695713206440962600,19.580962646484377,-0.0031957910396158695,-0.0009321057004854083,0.005193160381168127
1695713206451017000,19.591016845703123,-0.0031957910396158695,0.005459476262331009,0.004127896390855312
1695713206461047800,19.6010478515625,-0.004261054564267397,0.008655266836285591,-0.00013315795513335615
1695713206471070200,19.6110703125,-0.0074568456038832664,0.006524739786982536,-0.005459476262331009
1695713206481092000,19.621092041015626,-0.0074568456038832664,0.0011984215816482902,-0.008655266836285591
1695713206491123000,19.631123046875,-0.008522109128534794,-0.005193160381168127,-0.009720530360937119
1695713206501170700,19.641170654296875,-0.006391582079231739,-0.007323687430471182,-0.006524739786982536
1695713206511201300,19.651201171875,-0.0031957910396158695,-0.0062584239058196545,0.0009321057004854083
1695713206521230300,19.661230224609376,-0.0010652636410668492,-0.0019973693415522575,0.004127896390855312
1695713206531259400,19.67125927734375,0.0021305272821336985,0.0022636852227151394,0.004127896390855312
1695713206541290000,19.6812900390625,0.0031957910396158695,0.0033289489801973104,0.0009321057004854083
1695713206551296800,19.691296875,0.0021305272821336985,-0.0019973693415522575,-0.0043942127376794815
1695713206561214000,19.7012138671875,0.0031957910396158695,-0.007323687430471182,-0.007590003311634064
1695713214998236400,28.138236328125,-0.010652636177837849,-0.01584579609334469,-0.008655266836285591
1695713215008269300,28.148269287109375,-0.023435799404978752,-0.007323687430471182,0.003062632866203785
1695713215018302500,28.158302490234377,-0.02876211889088154,0.020373167470097542,0.0062584239058196545
1695713215028335400,28.16833544921875,-0.042610544711351395,0.03315633162856102,-0.00013315795513335615
1695713215038368300,28.1783681640625,-0.054328445345163345,0.02463422156870365,-0.006524739786982536
1695713215048398800,28.18839892578125,-0.050067391246557236,0.016112113371491432,-0.01078579481691122
1695713215058430000,28.198429931640625,-0.050067391246557236,0.0022636852227151394,-0.012916321866214275
1695713215068461000,28.2084609375,-0.046871598809957504,-0.011584741994738579,-0.007590003311634064
1695713215078492000,28.218491943359375,-0.04793686419725418,0.0022636852227151394,0.0009321057004854083
1695713215088523000,28.22852294921875,-0.042610544711351395,0.020373167470097542,0.005193160381168127
1695713215098554000,28.23855419921875,-0.045806337147951126,0.02996053919196129,0.003062632866203785
1695713215108585200,28.248585205078125,-0.05113265663385391,0.039547912776470184,-0.006524739786982536
1695713215118616300,28.2586162109375,-0.066046342253685,0.03209106624126434,-0.013981585390865803
1695713215128647400,28.2686474609375,-0.06924213469028473,0.027830012142658234,-0.016112113371491432
1695713215138678500,28.278678466796876,-0.07230477035045624,0.012916321866214275,-0.016112113371491432
1695713215148709600,28.288709716796873,-0.0703074038028717,-0.0019973693415522575,-0.01078579481691122
1695713215158741000,28.298740966796874,-0.061785291880369186,0.00013315795513335615,-0.007590003311634064
1695713215168776000,28.30877587890625,-0.06711161136627197,-0.010519478470087051,-0.005459476262331009
1695713215178811000,28.318810791015625,-0.07763108611106873,0.0033289489801973104,-0.009720530360937119
1695713215188845800,28.328845703125,-0.0882837250828743,0.031025802716612816,-0.01504684891551733
1695713215198880800,28.338880859375,-0.09467530250549316,0.03315633162856102,-0.012916321866214275
1695713215208916000,28.348916015625,-0.09574057161808014,0.023568958044052124,-0.006524739786982536
1695713215218951000,28.358950927734377,-0.09361004084348679,0.026764748618006706,-0.0022636852227151394
1695713215228985900,28.36898583984375,-0.09467530250549316,0.01717737689614296,0.0009321057004854083
1695713215239020800,28.379020751953124,-0.08402267098426819,-0.003062632866203785,0.010519478470087051
1695713215249055700,28.3890556640625,-0.07976161688566208,-0.004127896390855312,0.020106852054595947
1695713215259091000,28.399091064453124,-0.07230477035045624,0.0011984215816482902,0.02756369672715664
1695713215269122000,28.4091220703125,-0.07230477035045624,0.0011984215816482902,0.024367906153202057
1695713215279153000,28.41915283203125,-0.07230477035045624,0.007590003311634064,0.017976323142647743
1695713215289183700,28.429183837890626,-0.06817687302827835,0.0011984215816482902,0.011584741994738579
1695713215299214300,28.43921435546875,-0.058589499443769455,-0.021172115579247475,0.008388951420783997
1695713215309245200,28.4492451171875,-0.05219791829586029,-0.04780370742082596,0.008388951420783997
1695713215319276000,28.459276123046877,-0.04474107176065445,-0.06378266215324402,0.008388951420783997
1695713215329307000,28.469306884765626,-0.04048001766204834,-0.07123950868844986,0.007323687430471182
1695713215339337500,28.47933740234375,-0.03728422895073891,-0.06378266215324402,0.0062584239058196545
1695713215349368300,28.489368408203124,-0.02769685536623001,-0.0456731803715229,-0.0011984215816482902
1695713215359399200,28.499399169921876,-0.009587372653186321,-0.012650005519390106,-0.016112113371491432
1695713215369430000,28.509429931640625,0.004261054564267397,0.02143843099474907,-0.02463422156870365
1695713215379461000,28.519461181640626,0.006391582079231739,0.0342215932905674,-0.026764748618006706
1695713215389492000,28.529491943359375,0.0010652636410668492,0.0342215932905674,-0.02463422156870365
1695713215399523000,28.539523193359376,-0.006391582079231739,0.023568958044052124,-0.019307903945446014
1695713215409554200,28.54955419921875,-0.011717899702489376,0.013981585390865803,-0.013981585390865803
1695713215419585000,28.5595849609375,-0.005326318088918924,0.0011984215816482902,-0.0043942127376794815
1695713215429616000,28.5696162109375,0.004261054564267397,-0.009454214945435524,0.0062584239058196545
1695713215439647000,28.57964697265625,0.012783164158463478,0.009720530360937119,0.01904158666729927
1695713215449678000,28.589677978515624,0.008522109128534794,0.048070020973682404,0.025433169677853584
1695713215459709200,28.599709228515625,0.010652636177837849,0.08215846121311188,0.03395527973771095
1695713215469740000,28.609739990234374,0.004261054564267397,0.09387636184692383,0.03502054139971733
1695713215479771100,28.619771240234375,-0.009587372653186321,0.09600688517093658,0.029694223776459694
1695713215489796000,28.629796142578126,-0.014913691207766533,0.08428898453712463,0.021172115579247475
1695713215499843000,28.639843017578126,-0.014913691207766533,0.06298371404409409,0.013715269044041634
1695713215509890300,28.649890380859375,-0.0021305272821336985,0.051265813410282135,0.012650005519390106
1695713215519937300,28.659937255859376,0.011717899702489376,0.020373167470097542,0.011584741994738579
1695713215529960000,28.6699599609375,0.0010652636410668492,0.009720530360937119,0.009454214945435524
1695713215539989500,28.679989501953123,0.022370535880327225,0.02996053919196129,0.014780532568693161
1695713215550019000,28.69001904296875,0.05326318368315697,0.03209106624126434,0.020106852054595947
1695713215560048400,28.70004833984375,0.06072002649307251,0.019307903945446014,0.017976323142647743
1695713215570078000,28.710077880859377,0.03728422895073891,0.0033289489801973104,0.010519478470087051
1695713215580107500,28.720107421875,0.021305272355675697,0.005459476262331009,0.0009321057004854083
1695713215590137000,28.73013720703125,0.009587372653186321,0.0033289489801973104,-0.0022636852227151394
1695713215600166400,28.74016650390625,0.019174745306372643,-0.02756369672715664,0.009454214945435524
1695713215610196000,28.750196044921875,0.0330231711268425,-0.020106852054595947,0.01904158666729927
1695713215620225500,28.7602255859375,0.05219791829586029,-0.012650005519390106,0.025433169677853584
1695713215630255000,28.770255126953124,0.06817687302827835,-0.0318247526884079,0.028628960251808167
1695713215640279600,28.780279541015624,0.07669898122549057,-0.04780370742082596,0.02756369672715664
1695713215650312400,28.7903125,0.07882951200008392,-0.05845634266734123,0.02756369672715664
1695713215660345600,28.800345703125,0.06498108059167862,-0.05952160432934761,0.024367906153202057
1695713215670378500,28.81037841796875,0.045806337147951126,-0.04460791498422623,0.01904158666729927
1695713215680411400,28.820411376953125,0.038349490612745285,-0.03821633383631706,0.014780532568693161
1695713215690444500,28.830444580078126,0.041545283049345016,-0.05952160432934761,0.010519478470087051
1695713215700477400,28.8404775390625,0.04367581009864807,-0.07763108611106873,0.009454214945435524
1695713215710510300,28.85051025390625,0.045806337147951126,-0.0882837250828743,0.011584741994738579
1695713215720543500,28.86054345703125,0.034088436514139175,-0.07656582444906235,0.012650005519390106
1695713215730576400,28.870576416015624,0.008522109128534794,-0.0456731803715229,0.008388951420783997
1695713215740609300,28.880609375,-0.012783164158463478,-0.0318247526884079,0.004127896390855312
1695713215750638300,28.890638427734373,-0.034088436514139175,-0.011584741994738579,-0.0043942127376794815
1695713215760690700,28.900690673828127,-0.022370535880327225,-0.032890014350414276,-0.0022636852227151394
1695713215770743000,28.910742919921876,0.0021305272821336985,-0.053130023181438446,0.007323687430471182
1695713215780795100,28.920795166015626,0.042610544711351395,-0.07337003201246262,0.02330264262855053
1695713215790847500,28.930847412109376,0.05965476483106613,-0.10426267981529236,0.02649843320250511
1695713215800899600,28.940899658203126,0.023435799404978752,-0.11491531878709793,0.022237379103899002
1695713215810952000,28.950951904296875,-0.006391582079231739,-0.048868969082832336,0.014780532568693161
1695713215821004300,28.96100439453125,-0.004261054564267397,-0.007323687430471182,0.005193160381168127
1695713215831056400,28.971056396484375,0.005326318088918924,-0.02756369672715664,-0.00013315795513335615
1695713216954500400,30.094500244140626,-2.501638412475586,3.364501953125,2.1575584411621094
1695713216964534500,30.104534423828124,-2.894587516784668,3.9140448570251465,2.193777322769165
1695713216974568400,30.114568359375,-3.257842540740967,3.922567129135132,1.9413098096847534
1695713216984599300,30.124599365234374,-3.674227476119995,3.1035125255584717,1.5835144519805908
1695713216994627800,30.1346279296875,-4.025631427764893,1.590172290802002,1.2480895519256592
1695713217004656000,30.14465625,-4.273837566375732,0.4410191476345062,0.9253146052360535
1695713217014684700,30.1546845703125,-4.479300498962402,0.15033532679080963,0.7411571741104126
1695713217024713000,30.164712890625,-4.61032772064209,0.18868482112884521,0.6644582152366638
1695713217034741200,30.1747412109375,-4.630568027496338,0.14394375681877136,0.5568665862083435
1695713217044769800,30.184769775390624,-4.5187153816223145,0.016112113371491432,0.2894853949546814
1695713217054798000,30.194798095703124,-4.321774482727051,-0.32463908195495605,-0.17164060473442078
1695713217064826600,30.20482666015625,-4.281294345855713,-1.0712558031082153,-0.7307708859443665
1695713217074855000,30.21485498046875,-4.505931854248047,-2.1021647453308105,-1.1865705251693726
1695713217084886300,30.22488623046875,-4.932969570159912,-2.393913745880127,-1.5656712055206299
1695713217094919200,30.234919189453127,-5.5677337646484375,-2.0073561668395996,-1.6093471050262451
1695713217104952000,30.2449521484375,-5.981055736541748,-0.9828388690948486,-1.371793270111084
1695713217114984700,30.254984619140625,-6.116211414337158,0.14074796438217163,-1.1162631511688232
1695713217125017600,30.265017578125,-6.087449073791504,1.0139977931976318,-0.8243808746337891
1695713217135050500,30.275050537109376,-5.688108444213867,1.3346421718597412,-0.8861662149429321
1695713217145083400,30.28508349609375,-5.09382438659668,1.4251896142959595,-1.2068105936050415
1695713217155116300,30.2951162109375,-4.663590908050537,1.493233323097229,-1.388837456703186
1695713217165149200,30.305149169921876,-4.761595249176025,1.7467660903930664,-1.6402397155761719
1695713217175181800,30.315181884765625,-4.932969570159912,1.47299325466156,-1.916009783744812
1695713217185214200,30.325214111328126,-4.960666656494141,0.9383640885353088,-2.2739384174346924
1695713217195251000,30.3352509765625,-4.7754435539245605,0.21638168394565582,-2.5710136890411377
1695713217205288000,30.345287841796875,-4.279163837432861,-0.31931278109550476,-2.6029717922210693
1695713217215324700,30.35532470703125,-3.3951284885406494,-1.0424935817718506,-2.314418315887451
1695713217225361700,30.365361572265623,-2.206693649291992,-1.4652701616287231,-2.076864719390869
1695713217235398400,30.3753984375,-0.9041424989700317,-1.4045500755310059,-1.923466682434082
1695713217245435400,30.385435302734376,0.05326318368315697,-0.6952176690101624,-1.7105470895767212
1695713217255472000,30.39547216796875,0.3941475450992584,0.16311849653720856,-1.3813806772232056
1695713217265508900,30.4055087890625,0.6443513631820679,0.8042740225791931,-1.0789788961410522
1695713217275545900,30.4155458984375,0.9309072494506836,1.1823095083236694,-0.9841704368591309
1695713217285577500,30.425577392578123,1.04475736618042,1.14715576171875,-0.8755135536193848
1695713217295606500,30.4356064453125,1.4207954406738281,0.8788425326347351,-0.7691203355789185
1695713217305635800,30.4456357421875,1.714674949645996,0.7701855897903442,-0.6551371216773987
1695713217315665000,30.455664794921876,1.6422370672225952,0.6604634523391724,-0.39308229088783264
1695713217325694000,30.46569384765625,1.2397005558013916,0.9225183129310608,-0.2035985141992569
1695713217335723000,30.475722900390625,0.7562040090560913,0.7190529704093933,0.025433169677853584
1695713217345752000,30.485751953125,0.3621896505355835,0.05659212917089462,0.21931114792823792
1695713217355781400,30.495781494140626,0.0894821435213089,-1.5728617906570435,0.2725743353366852
1695713217365810400,30.505810546875,-0.26937854290008545,-2.2214741706848145,0.10319741815328598
1695713217375839500,30.515839599609375,-0.6060018539428711,-1.3885711431503296,-0.023568958044052124
1695713217385871600,30.52587158203125,-0.6953508257865906,-1.164999008178711,0.28628960251808167
1695713217395906300,30.53590625,-0.5420860648155212,-1.0616683959960938,0.6367613673210144
1695713217405941000,30.54594091796875,-0.4270375669002533,-0.391750693321228,0.9093356728553772
1695713217415975400,30.555975341796874,-0.31518489122390747,0.17377112805843353,1.1490199565887451
1695713217426010000,30.566010009765623,-0.140481635928154,0.2600574791431427,1.266198992729187
1695713217436044500,30.57604443359375,0.07776424288749695,0.21212062239646912,1.4077459573745728
1695713217446079200,30.586079345703126,0.2673811614513397,0.552871823310852,1.6101460456848145
1695713217456113700,30.59611376953125,0.6028060913085938,0.9564735889434814,1.8594176769256592
1695713217466148400,30.6061484375,0.9149283170700073,1.3410338163375854,1.9349182844161987
1695713217476182800,30.616182861328124,0.7434208393096924,1.9363830089569092,1.6452996730804443
1695713217486217500,30.626217529296873,0.6049365997314453,2.0885825157165527,1.4205290079116821
1695713217496249300,30.636249267578126,0.6731134653091431,2.1354541778564453,1.2651337385177612
1695713217506279200,30.646279052734375,1.0022798776626587,2.0566246509552,1.199087381362915
1695713217516309000,30.65630908203125,1.2940289974212646,3.0226855278015137,1.2342411279678345
1695713217526338600,30.666338623046876,1.6241276264190674,2.8948538303375244,1.219327449798584
1695713217536368400,30.676368408203125,1.9128140211105347,3.41456937789917,1.3130706548690796
1695713217546398200,30.686398193359373,2.183257818222046,4.1738362312316895,1.4173332452774048
1695713217556428000,30.696427978515626,2.469813823699951,5.270791530609131,2.036118268966675
1695713217566457900,30.706457763671875,2.311089515686035,5.579717636108398,2.113882541656494
1695713217576487400,30.7164873046875,1.734915018081665,5.466799736022949,1.4844448566436768
1695713217586517200,30.726517333984376,1.310007929801941,5.12817907333374,0.9380977749824524
1695713217596547000,30.736547119140624,0.807336688041687,5.0429582595825195,0.5621928572654724
1695713217606578700,30.74657861328125,0.32703593373298645,4.7500104904174805,0.3502054214477539
1695713217616610000,30.756610107421874,0.5239765644073486,3.5413358211517334,0.0786963477730751
1695713217626641400,30.766641357421875,1.1619362831115723,2.1088225841522217,-0.43036651611328125
1695713217636672800,30.7766728515625,1.5655380487442017,2.113083600997925,-1.1322420835494995
1695713217646704000,30.7867041015625,1.6901739835739136,3.000314950942993,-1.8074860572814941
1695713217656735700,30.79673583984375,1.7615466117858887,4.2281646728515625,-2.380464792251587
1695713217666767000,30.80676708984375,1.8670077323913574,5.318727970123291,-2.7297379970550537
1695713217676798500,30.816798583984376,1.9639467000961304,6.104759693145752,-2.817089796066284
1695713217686829800,30.826829833984377,1.9149445295333862,6.412487506866455,-2.8959193229675293
1695713217696861000,30.83686083984375,1.7540897130966187,5.9034247398376465,-3.230278730392456
1695713217706899200,30.846899169921876,1.7679381370544434,4.7500104904174805,-3.708449125289917
1695713217716972300,30.85697216796875,1.6070833206176758,4.1270976066589355,-4.040678024291992
1695713217727045600,30.867045654296874,1.2247868776321411,4.2622528076171875,-4.206859111785889
1695713217737119000,30.877118896484376,0.7604650855064392,4.68729305267334,-4.398606777191162
1695713217747192300,30.8871923828125,0.29401275515556335,5.086633682250977,-4.66478967666626
1695713217757265700,30.897265625,-0.08615319430828094,5.3815789222717285,-4.795816898345947
1695713217767303700,30.9073037109375,-0.31625014543533325,5.47425651550293,-4.72231388092041
1695713217777302800,30.917302734375,-0.7305045127868652,5.399688243865967,-4.517916202545166
1695713217787302100,30.92730224609375,-1.3056137561798096,5.165463447570801,-4.1237688064575195
1695713217797205000,30.937205078125,-1.8487650156021118,4.765989303588867,-3.5507900714874268
1695713217807231500,30.9472314453125,-2.347175359725952,4.418846607208252,-2.8959193229675293
1695713217817267700,30.957267822265624,-2.734931230545044,4.190880298614502,-2.212153196334839
1695713217827295200,30.967295166015624,-3.004309892654419,4.054659843444824,-1.5667364597320557
1695713217837329000,30.977328857421874,-3.2290804386138916,3.9971354007720947,-1.0267809629440308
1695713217847357000,30.98735693359375,-3.416433572769165,4.085552215576172,-0.6189181804656982
1695713217857380000,30.997380126953125,-3.641204357147217,4.340017318725586,-0.29827383160591125
1695713217867407600,31.00740771484375,-3.914843797683716,4.582897186279297,-0.05339634045958519
1695713217877467100,31.017467041015625,-4.148136615753174,4.647878646850586,0.10532794147729874
1695713217887498000,31.027498046875,-4.217378616333008,4.632964611053467,0.23635536432266235
1695713217897523000,31.03752294921875,-4.141745090484619,4.7255096435546875,0.3129211962223053
1695713217907553000,31.047552978515625,-4.025631427764893,4.811795711517334,0.3235738277435303
1695713217917589500,31.057589599609376,-3.8828859329223633,4.688358306884766,0.30652961134910583
1695713217927620000,31.0676201171875,-3.713642120361328,4.527503490447998,0.3129211962223053
1695713217937650400,31.077650390625,-3.5229599475860596,4.4167160987854,0.4173170328140259
1695713217947681300,31.087681396484374,-3.286604642868042,4.371974945068359,0.5952160358428955
1695713217957715000,31.09771484375,-3.0405287742614746,4.4113898277282715,0.7816371917724609
1695713217967746000,31.10774609375,-2.7784738540649414,4.455065727233887,0.9423588514328003
1695713217977777200,31.117777099609373,-2.4952468872070312,4.415650844573975,1.0563420057296753
1695713217987965000,31.12796484375,-2.1939103603363037,4.154661178588867,1.090430498123169
1695713217997996000,31.13799609375,-1.8594176769256592,3.6818175315856934,1.0808430910110474
1695713218008023000,31.14802294921875,-1.5314496755599976,3.2633020877838135,1.0680599212646484
1695713218017920800,31.157920654296873,-1.2171968221664429,3.0130982398986816,1.0659294128417969
1695713218027940400,31.1679404296875,-0.9893636107444763,2.9044413566589355,1.12771475315094
1695713218037974800,31.177974853515625,-0.927578330039978,2.970487594604492,1.266198992729187
1695713218047996000,31.187995849609376,-0.9712541103363037,3.120556592941284,1.290700078010559
1695713218058020600,31.1980205078125,-1.0436919927597046,3.2345399856567383,1.0488852262496948
1695713218068042200,31.208042236328126,-1.0713889598846436,3.2686283588409424,0.6037381887435913
1695713218078101500,31.2181015625,-0.9851025342941284,3.1397314071655273,0.074435293674469
1695713218088127000,31.228126953125,-0.7848330140113831,2.887397050857544,-0.4367581009864807
1695713218098136800,31.23813671875,-0.5506081581115723,2.628538131713867,-0.8105324506759644
1695713218108160500,31.248160400390624,-0.3652522563934326,2.513622760772705,-0.9596694111824036
1695713218118197500,31.258197509765626,-0.196940615773201,2.6615612506866455,-0.8584693074226379
1695713218128222500,31.268222412109374,-0.018109481781721115,2.9545087814331055,-0.6072002649307251
1695713218138262000,31.278261962890625,0.2024000883102417,3.265432596206665,-0.3653854429721832
1695713218148288500,31.28828857421875,0.43569281697273254,3.3730242252349854,-0.2217079997062683
1695713218158327800,31.298327880859375,0.6848313808441162,3.200451374053955,-0.1993374526500702
1695713218168355600,31.30835546875,0.8627303838729858,2.713759183883667,-0.2737727463245392
1695713218178389500,31.318389404296877,0.8882967233657837,1.9885809421539307,-0.4506065249443054
1695713218188417800,31.328417724609373,0.7902924418449402,1.1812442541122437,-0.565654993057251
1695713218198454800,31.338454833984375,0.6241113543510437,0.7446193099021912,-0.5081307291984558
1695713218208484400,31.348484375,0.4792354702949524,0.49215179681777954,-0.36432015895843506
1695713218218565600,31.358565673828124,0.2961432933807373,0.3994738757610321,-0.20892482995986938
1695713218228600000,31.36860009765625,0.19494324922561646,0.3772364854812622,-0.0906805694103241
1695713218238596900,31.378596923828123,-0.017044218257069588,0.5028044581413269,-0.13116058707237244
1695713218248627700,31.388627685546876,-0.15326480567455292,0.6540718674659729,-0.2547311782836914
1695713218258656300,31.39865625,-0.12237215787172318,0.6253097653388977,-0.35899385809898376
1695713218268686800,31.408686767578125,-0.023435799404978752,0.28562381863594055,-0.4186486005783081
1695713218278758100,31.418758056640623,0.042610544711351395,-0.22663484513759613,-0.39734333753585815
1695713218288792800,31.428792724609377,0.07456845790147781,-0.6601971387863159,-0.29827383160591125
1695713218298823200,31.4388232421875,0.010652636177837849,-0.9061399102210999,-0.17164060473442078
1695713218308857300,31.448857421875,-0.14261217415332794,-0.9391630291938782,-0.09920267760753632
1695713218318849300,31.458849365234375,-0.2342248409986496,-0.9167925119400024,-0.0906805694103241
1695713218328879400,31.46887939453125,-0.17670060694217682,-0.8869651556015015,-0.09707214683294296
1695713218338950100,31.4789501953125,-0.038349490612745285,-0.7420892715454102,-0.10665952414274216
1695713218348984000,31.488984130859375,0.10013478249311447,-0.448209673166275,-0.06404897570610046
1695713218359015000,31.499014892578124,0.12570111453533173,-0.2894853949546814,-0.02569948509335518
1695713218369048600,31.509048583984374,0.022370535880327225,-0.35659700632095337,-0.0011984215816482902
1695713218379064800,31.51906494140625,-0.09147951751947403,-0.3970770239830017,0.053130023181438446
1695713218389097000,31.529096923828124,-0.18522271513938904,-0.21278640627861023,0.12876373529434204
1695713218399131000,31.539130859375,-0.2565953731536865,0.1322258561849594,0.1820269227027893
1695713218409163000,31.5491630859375,-0.24913853406906128,0.3399522602558136,0.17457008361816406
1695713218419190500,31.5591904296875,-0.140481635928154,0.21851220726966858,0.12343742698431015
1695713218429222400,31.569222412109376,-0.0031957910396158695,-0.05952160432934761,0.05099949613213539
1695713218439259100,31.579259033203126,0.08309056609869003,-0.30652961134910583,0.005193160381168127
1695713218449291300,31.589291259765623,0.1267663687467575,-0.4822981059551239,-0.048070020973682404
1695713218459308000,31.59930810546875,0.13315795361995697,-0.5334307551383972,-0.15779218077659607
1695713218469338600,31.609338623046874,0.0894821435213089,-0.37577176094055176,-0.3142527639865875
1695713218479382500,31.619382568359374,0.04474107176065445,0.00013315795513335615,-0.4601939022541046
1695713218489414400,31.629414306640626,0.0074568456038832664,0.4378233551979065,-0.5667202472686768
1695713218499449900,31.639449951171876,-0.025566328316926956,0.7744466662406921,-0.6402234435081482
1695713218509482200,31.649482177734374,-0.017044218257069588,0.9383640885353088,-0.678572952747345
1695713218519530000,31.659530029296874,0.03728422895073891,0.9649956822395325,-0.6562023758888245
1695713218529564000,31.66956396484375,0.12570111453533173,0.9404946565628052,-0.5826992392539978
1695713218539579100,31.6795791015625,0.1736379712820053,0.9447556734085083,-0.5411539077758789
1695713218549611300,31.689611328125,0.2024000883102417,0.8724509477615356,-0.5305013060569763
1695713218559640600,31.699640625,0.2205095738172531,0.7467498183250427,-0.44528019428253174
1695713218569672200,31.709672119140624,0.22903168201446533,0.6838992834091187,-0.37816858291625977
1695713218579704600,31.71970458984375,0.23648852109909058,0.5986781716346741,-0.433562308549881
1695713218589736200,31.729736083984374,0.2545980215072632,0.5752423405647278,-0.5965476632118225
1695713218599771400,31.739771484375,0.3675159513950348,0.6274402737617493,-0.7691203355789185
1695713218609803500,31.749803466796877,0.514389157295227,0.7776424288749695,-0.9681915044784546
1695713218619815000,31.75981494140625,0.6411555409431458,1.0853705406188965,-1.1428947448730469
1695713218629845000,31.769844970703126,0.7508777379989624,1.2664653062820435,-1.1365031003952026
1695713218639899600,31.779899658203124,0.9468862414360046,1.201484203338623,-0.8041408658027649
1695713218649932300,31.789932373046874,1.0756499767303467,0.8096003532409668,-0.2599243223667145
1695713218659920400,31.79992041015625,0.9628651738166809,0.44421494007110596,0.15219953656196594
1695713218669948400,31.809948486328125,0.6198502779006958,0.21105535328388214,0.31079065799713135
1695713218680027600,31.820027587890625,0.2258358895778656,0.12263847887516022,0.41305598616600037
1695713218690060800,31.830060791015626,0.014913691207766533,0.11731215566396713,0.5089297294616699
1695713218700095500,31.840095458984376,-0.008522109128534794,0.020373167470097542,0.534496009349823
1695713218710129000,31.85012890625,0.018109481781721115,-0.10639320313930511,0.5014728307723999
1695713218720167700,31.860167724609376,0.12037479132413864,-0.11917637288570404,0.5025381445884705
1695713218730201600,31.87020166015625,0.24394537508487701,-0.16058848798274994,0.4961465299129486
1695713218740218600,31.880218505859375,0.3067959249019623,-0.31079065799713135,0.4450138807296753
1695713218750250800,31.890250732421876,0.28442537784576416,-0.4109254479408264,0.41305598616600037
1695713218760283100,31.900283203125,0.18961693346500397,-0.448209673166275,0.43649178743362427
1695713218770315300,31.910315185546875,0.08628635853528976,-0.45247071981430054,0.5014728307723999
1695713218780347400,31.920347412109376,0.004261054564267397,-0.46099284291267395,0.5696497559547424
1695713218790379500,31.930379638671877,0.0031957910396158695,-0.43755704164505005,0.6122602820396423
1695713218800410600,31.94041064453125,0.11611373722553253,-0.45566651225090027,0.5792371034622192
1695713218810442800,31.95044287109375,0.07563371956348419,-0.42370861768722534,0.5067991614341736
1695713218820475600,31.9604755859375,-0.012783164158463478,-0.27244117856025696,0.4588623046875
1695713218830507800,31.9705078125,-0.05326318368315697,-0.15632744133472443,0.4013380706310272
1695713218840544000,31.9805439453125,-0.066046342253685,-0.0978710949420929,0.30652961134910583
1695713218850576400,31.990576416015625,-0.041545283049345016,-0.03928159549832344,0.19267955422401428
1695713218860597800,32.00059765625,0.034088436514139175,0.022503694519400597,0.04460791498422623
1695713218870629000,32.01062915039063,0.12570111453533173,0.0576573945581913,-0.11944268643856049
1695713218880669200,32.02066918945312,0.1832253485918045,0.05339634045958519,-0.23023010790348053
1695713218890701300,32.030701416015624,0.19494324922561646,0.03315633162856102,-0.24940484762191772
1695713218900735200,32.0407353515625,0.16831165552139282,0.009720530360937119,-0.22490379214286804
1695713218910767600,32.050767578125,0.10652636736631393,0.02143843099474907,-0.1940111368894577
1695713218920805000,32.06080517578125,0.034088436514139175,0.09600688517093658,-0.15353111922740936
1695713218930838000,32.07083813476562,-0.012783164158463478,0.17377112805843353,-0.1375521719455719
1695713218940865300,32.080865234375,-0.026631591841578484,0.22916483879089355,-0.1567269116640091
1695713218950897700,32.09089770507813,-0.029827382415533066,0.25260064005851746,-0.16205322742462158
1695713218960928000,32.10092797851563,-0.03728422895073891,0.2451438009738922,-0.10879004746675491
